gender_query,gender
aamir,boy
aaron,boy
abby,boy
abhijeet,
about,
ada,girl
adam,boy
adarsh,
adel,girl
adesioye,
adnan,boy
adrial,
adrian,boy
adriana,girl
adriane,girl
adrianne,girl
advantage,
aftab,
aga,
agatha,girl
agustin,boy
aiaz,
aim,
aimee,girl
ainsley,girl
airam,
ajay,boy
ajuah,
akasha,
ake,
al,boy
alaadin,
alain,boy
alan,boy
albane,
albernita,
albert,boy
alberto,boy
aleck,boy
alejandra,girl
alejandro,boy
aleka,
alex,boy
alexander,boy
alexandra,girl
alexandre,
alexia,girl
alexios,
alexis,boy
alexus,
alfred,boy
alfredo,boy
alhamd,
alice,girl
alicia,girl
alisa,girl
alisha,girl
alison,girl
alistair,
allan,boy
allen,boy
allfreenews,
allison,girl
allyson,girl
alma,girl
alok,
alternative,
althea,girl
alton,boy
alumni,
alvin,boy
alyse,girl
alysia,girl
amador,
amanda,girl
amber,girl
amelia,girl
american,
ameritrade,
ami,girl
amie,girl
amin,
amir,
amit,
amita,
amitava,
amos,boy
amr,
amy,girl
ana,girl
anabel,girl
anabella,girl
anastasia,girl
anders,boy
andre,boy
andrea,boy
andreas,boy
andrei,girl
andrew,boy
andria,girl
andy,boy
aneela,
angel,boy
angela,girl
angelic,
angelica,girl
angelika,girl
angelina,girl
angeline,girl
angelo,boy
angie,boy
anguel,
anil,
anita,girl
anitha,
anjam,
ankush,
ann,girl
anna,girl
annabelle,girl
anne,girl
annemarie,girl
annemieke,
annette,girl
annie,girl
annmarie,girl
annual,
anoush,
anthea,girl
anthony,boy
antoine,boy
antoinette,girl
antonio,boy
anwar,
anya,girl
aol,
aopa,
aparna,
appdev,
apple,
april,girl
aptimus,
araceli,
arfan,
ariane,
arie,boy
ariel,boy
arif,
arlene,girl
armando,boy
arnie,boy
arnold,boy
arquella,
arshak,
art,boy
arthur,boy
artistdirect,
arun,
arusi,
arvel,
arvind,boy
asem,
ash,boy
ashley,boy
ashok,
ashu,
ask,
askin,
asme,
asokan,
assemblyman,
association,
athena,girl
audrey,girl
augusto,boy
aurora,girl
austin,boy
authorized,
autobytel,
automotive,
ava,girl
avantgo,
avram,boy
avril,girl
awais,
ayesha,
aysu,
backweb,
bambi,girl
ban,
bani,
banu,
barbara,girl
barend,
bargain,
barney,boy
barry,boy
bart,boy
barton,boy
basil,boy
bcl,
beatrice,girl
becky,girl
beer,
beez,
ben,boy
benigno,
benjamin,boy
benson,boy
bernadette,girl
bernard,boy
bernardo,boy
berney,
bernice,girl
bernie,boy
bert,boy
bessik,
best,
beth,girl
betsy,girl
betty,girl
bettye,girl
beverley,
beverly,girl
bevin,
bharat,boy
bhashkar,
bhavna,
bianca,girl
bilal,
biliana,
bill,boy
billie,boy
billing,
billy,boy
binh,
binkley,
binky,boy
bjorn,boy
blair,boy
blake,boy
blanca,girl
blanche,girl
blue,
bmw,
bo,boy
board,
bob,boy
bobbi,girl
bobbie,boy
bobby,boy
body,
bond,
bonnie,girl
boris,boy
boryeu,
brad,boy
bradford,boy
bradley,boy
braedi,
brandee,
brandi,girl
brandon,boy
brant,boy
breaking,
breanden,
breda,
brenda,girl
brendan,boy
brenna,girl
brent,boy
bret,boy
brett,boy
brian,boy
briant,
brid,
bridget,girl
bridgette,girl
britaldo,
britt,boy
britta,girl
brooklyn,
brooksany,
bruce,boy
bruno,boy
bryan,boy
bryant,boy
bryce,boy
bucky,boy
bud,boy
buddy,boy
burton,boy
butch,boy
buyers,
buzz,
byron,boy
caleb,boy
california,
calvin,boy
calyx,
cambridge,
cameron,boy
camille,girl
candace,girl
candice,girl
candy,girl
cantekin,
capital,
capitol,
cara,girl
carey,boy
carin,girl
carina,girl
carl,boy
carla,girl
carlee,girl
carlos,boy
carmella,girl
carmen,girl
carol,girl
carole,girl
caroline,girl
carolyn,girl
carpoint,
carrie,girl
carter,boy
carver,
cary,boy
casey,boy
cash,
casimir,
cassandra,girl
cassi,girl
castlen,
catalina,
catherine,girl
cathy,girl
catrina,girl
cbi,
ceci,
cecil,boy
cecilia,girl
cedric,
celeste,girl
celestine,girl
cella,
ceo,
ces,
cfa,
chad,boy
chance,boy
chandra,girl
channing,
chantelle,
charee,
charla,girl
charlene,girl
charles,boy
charlie,boy
charlotte,girl
charm,
charna,
charry,
chase,boy
chaun,
chauncey,boy
chaundra,
chaz,
cheap,
chelsea,girl
chen,boy
chenee,
cheri,girl
cheryl,girl
cherylene,
chet,boy
chip,boy
chonawee,
chris,boy
chrissy,boy
christa,girl
christi,girl
christian,boy
christie,boy
christina,girl
christine,girl
christopher,boy
christy,boy
chrysan,
chrysti,
chuck,boy
cigar,
cindy,girl
citysearch,
claire,boy
clara,girl
clare,boy
clarissa,girl
clark,boy
claude,boy
claudette,girl
claudia,girl
claudine,girl
claudio,boy
clay,boy
clayton,boy
clear,
clem,boy
clement,boy
click,
clickz,
cliff,boy
clifford,boy
clifton,boy
clint,boy
clinton,boy
club,
cm,
cnet,
coastal,
coe,
coldwater,
cole,boy
colin,boy
colleen,girl
columbia,
comp,
company,
compaq,
conal,
congressman,
connie,boy
conrad,boy
constance,girl
consumer,
continental,
control,
cooper,boy
cora,girl
coralie,girl
coralina,
corey,boy
cori,girl
corina,girl
corinna,girl
corporate,
corrinne,girl
corry,girl
cory,boy
councils,
counsel,
coupon,
court,
courtney,boy
courtnie,
coyote,
craig,boy
crandal,
cregg,
cris,boy
crissy,girl
cristal,girl
cristiana,
cristina,girl
crystal,girl
culturefinder,
curly,
current,
curt,boy
curtis,boy
customer,
cutty,
cyndi,girl
cyndie,
cynthia,girl
cyril,boy
d'ann,
d'arcy,
dahlia,girl
daisy,girl
dal,
dale,boy
daler,
dalton,boy
damon,boy
dan,boy
dana,boy
danette,girl
daniel,boy
danielle,girl
danny,boy
dara,girl
daren,boy
dari,girl
darin,boy
darla,girl
darlene,girl
darran,
darrell,boy
darren,boy
darrin,boy
darrington,
darron,
darryl,boy
daryl,boy
daryll,
datamonitor,
datek,
datren,
dave,boy
davette,
david,boy
davis,boy
dawn,girl
dax,
dayem,
dayna,girl
dean,boy
deane,boy
deanna,girl
deb,girl
debbie,girl
debi,girl
deborah,girl
debra,girl
dee,girl
deepak,
deepayan,
deirdre,girl
dejoun,
dekrey,
delia,girl
dell,boy
delta,
demetrics,
demetrion,
demetrios,
demetris,boy
dena,girl
denae,
denis,boy
denise,girl
denka,
dennis,boy
denny,boy
denver,
denys,girl
denzel,
department,
dequan,
derek,boy
derivatives,
derryl,
des,
deshonda,
desrae,
detlef,
devon,boy
dewitt,boy
di,girl
diana,girl
diane,girl
diann,girl
dianna,girl
dianne,girl
dick,boy
diego,boy
digna,
dimitri,boy
dina,girl
dinah,girl
ding,
dinos,
diomedes,
dipak,
dirk,boy
discover,
discovery,
disney,
divo,
dixon,
djah,
dmb,
dmitri,boy
doctor,
doherty,
dolores,girl
dolph,
domingo,
dominic,boy
don,boy
donald,boy
donn,boy
donna,girl
donnie,boy
donnis,
dora,girl
doreen,girl
dorie,girl
dorothy,girl
dortha,
dottie,girl
doug,boy
douglas,boy
dovie,
dowson,
drake,boy
drayton,
drew,boy
duane,boy
duncan,boy
dung,
duong,
durga,
dustin,boy
dutch,
dwight,boy
dylan,boy
earl,boy
earle,boy
earlene,
earline,
ebill,
economist,
ed,boy
eddie,boy
eddy,boy
edgar,boy
edgard,
edie,boy
edis,
edith,girl
edmund,boy
edna,girl
edozie,
eduardo,boy
edward,boy
edwin,boy
egreetings,
eileen,girl
eklavya,
elaine,girl
elberg,
eleanor,girl
elena,girl
elio,
elisa,girl
elisabeth,girl
elise,girl
elissa,girl
elizabeth,girl
ellen,girl
elliot,boy
ellis,boy
eloise,girl
elsa,girl
elsie,girl
elspeth,girl
elwanda,
elyse,girl
email,
emerging,
emilio,boy
emily,girl
emma,girl
emmanuel,boy
employee,
emy,
enerfax,
energy,
energydc,
enl,
enrique,boy
entertainment,
enzo,
epson,
eric,boy
erica,girl
erik,boy
erika,girl
erin,boy
ernest,boy
ernesto,boy
errol,boy
erwin,boy
esko,
esmeralda,girl
espn,
essie,girl
estalee,
estelle,girl
esther,girl
etan,
etelvina,
ethan,boy
eugene,boy
eugenio,
eurofinance,
eva,girl
evan,boy
evans,
eve,girl
evelyn,boy
everett,boy
evolution,
expedia,
ezequiel,
fabian,boy
facundo,
faith,girl
fall,
fang,
fantasy,
farhad,
farideh,
farouk,
fast,
fatimata,
faye,girl
federico,boy
felecia,girl
felicia,girl
felipe,boy
felix,boy
feng,
fergus,boy
fernando,boy
fernley,
fidelity,girl
fillmore,
financial,
fino,
fiona,girl
first,
fletcher,boy
florian,boy
ford,boy
forestweb,
forrest,boy
forrester,boy
fortucast,
fortune,girl
foxsports,
fradin,
fraisy,
fran,boy
frances,girl
francesco,boy
francine,girl
francis,boy
francisco,boy
francois,boy
frank,boy
frankie,boy
franky,boy
frazier,boy
fred,boy
freddy,boy
fredrik,
free,
freyd,
fritz,boy
front,
frontier,
frt,
fte,
funjet,
gabriel,boy
gabriella,girl
gaby,girl
gael,girl
gail,boy
galen,boy
gallin,
ganapathy,
ganesh,
gareth,
garrett,boy
garrick,
garry,boy
garth,boy
gary,boy
gatepoint,
gaurav,
gauri,
gautam,
gavin,boy
gay,boy
gayla,girl
gayle,boy
gaylen,
gaynel,
ge,
geir,
geiv,
genaro,
gene,boy
genealogy,
geneva,girl
genia,girl
geoff,boy
geoffrey,boy
georganne,
george,boy
georgeanne,girl
georgene,
georgette,girl
georgi,
georgia,boy
georgianne,girl
gerald,boy
geraldine,girl
geralyn,
gerardo,
gerd,
geriann,
gerri,boy
gerry,boy
geynille,
gia,
gibson,
gil,boy
gillian,girl
gina,girl
ginger,boy
ginsu,
girard,
giuseppe,boy
glen,boy
glenda,girl
glenn,boy
gloria,girl
glynn,boy
golf,
golfboxx,
gordon,boy
gordy,
gossip,
grace,boy
gracie,girl
graham,boy
grant,boy
grants,
granville,boy
gravity,
gray,girl
graydon,
greek,
greer,girl
greg,boy
gregg,boy
gregory,boy
gresham,
greta,girl
gretchen,boy
gretel,girl
griffith,boy
grisela,
guadalupe,
guang,
guenther,
guido,boy
guillermo,boy
gurdip,
gurinder,
gus,boy
gustavo,boy
guy,boy
guzman,
gwendolyn,girl
gwyn,girl
haakon,
haas,
habiba,
hai,
hakan,
hakeem,boy
hal,boy
halley,girl
hallmark,
hans,boy
hao,
hap,
happy,girl
harald,boy
hardie,
hari,boy
hariyono,
harlan,boy
harnek,
harold,boy
harry,boy
harvey,boy
hasan,
hattie,girl
hayden,boy
haylee,
hayley,girl
heath,boy
heather,girl
hector,boy
hedy,girl
heidi,girl
helaine,girl
helen,girl
hellman,
hemant,
hemmat,
henrik,boy
henry,boy
herb,boy
herbert,boy
heriberto,
herman,boy
hershell,
hgp,
hicham,
hickory,
hilary,boy
hilda,girl
hill,boy
hillary,boy
hills,
hlavinka,
hoang,
hob,
holden,
holiday,
holli,girl
hollis,boy
holly,boy
hollywood,
holmes,
homer,boy
hope,girl
horace,boy
hot,
hotel,
hotwebcash,
hotwire,
houston,
howard,boy
hoyt,boy
hugh,boy
humberto,
hunaid,
hundt,
hunter,boy
husnain,
huy,
hyatt,boy
hype,
hyperion,
iain,boy
ian,boy
ice,
idel,
ignacio,boy
ike,boy
ilan,
ileana,girl
imad,
imagestation,
imelda,girl
ina,girl
inderpal,
indira,girl
inez,girl
infobeat,
inga,girl
inger,girl
inja,
inside,
institutional,
insync,
intel,
intelligent,
intercontinental,
internet,
internetex,
invest,
investor,
iona,girl
ipo,
iracema,
irena,girl
irene,girl
irewards,
iris,girl
irma,girl
isabel,girl
israel,boy
iu,
ivonne,girl
izio,
jacek,
jack,boy
jackie,boy
jacklyn,girl
jackson,boy
jacqlynn,
jacqueline,girl
jacquelyn,girl
jacques,boy
jad,
jae,boy
jaesoo,
jai,
jaime,boy
jaimie,girl
jairam,
jake,boy
jameika,
james,boy
jami,girl
jamie,boy
jan,boy
jana,girl
jane,girl
janel,girl
janell,
janelle,girl
janet,girl
janette,girl
janice,girl
janie,girl
janine,girl
jann,
jannette,
japhet,
jared,boy
jarek,
jarod,
jarrod,
jas,
jasmts,
jason,boy
javier,boy
jay,boy
jayant,
jaye,
jayshree,
jc,
jd,
jean,boy
jeana,girl
jeanette,girl
jeanie,girl
jeanne,girl
jeannie,girl
jeb,boy
jebong,
jeff,boy
jefferson,boy
jeffery,boy
jeffrey,boy
jenni,girl
jennie,girl
jennifer,girl
jenny,girl
jens,boy
jere,boy
jeremy,boy
jeri,girl
jerry,boy
jess,boy
jesse,boy
jessica,girl
jessie,boy
jesus,boy
jevaughn,
jewel,girl
jez,
jian,
jill,girl
jim,boy
jimmy,boy
jin,
jinbaek,
jinsung,
jitendra,
jo,boy
joan,girl
joana,girl
joanie,girl
joann,girl
joanna,girl
joanne,girl
joannie,
jocelynn,
jodi,boy
jodie,boy
jody,boy
joe,boy
joel,boy
joelene,
joellen,girl
joern,
joey,boy
johan,boy
johanna,girl
john,boy
johnnie,boy
johnny,boy
jojo,girl
jon,boy
jona,
jonalan,
jonathan,boy
jonathon,boy
jonda,
joni,girl
jordan,boy
jorg,
jorge,boy
joschka,
jose,boy
joseph,boy
josh,boy
joshua,boy
josie,girl
joy,girl
joya,girl
joyce,girl
jozef,
jozsef,
juan,boy
juana,girl
juanita,boy
juantongia,
jubran,
judey,
judge,
judith,boy
judy,boy
juhani,
julee,girl
juli,girl
julia,girl
julian,boy
juliana,girl
juliann,girl
julianna,girl
julie,boy
julissa,girl
julius,boy
jun,
june,girl
jung,
jungsuk,
just,
justin,boy
jynell,
jyoti,girl
kacee,
kal,
kalbacher,
kalen,
kam,boy
kandace,girl
kara,girl
karen,girl
kari,girl
karie,girl
karim,boy
karima,
karin,girl
karina,girl
karl,boy
karla,girl
karolina,girl
karolyn,
karon,girl
karry,girl
karthik,
karyn,girl
kasey,girl
kassandra,girl
kate,girl
katherine,girl
kathie,girl
kathleen,girl
kathlene,girl
kathryn,girl
kathy,girl
katie,girl
katina,girl
katja,
katrina,girl
katryna,
katy,girl
kay,girl
kaye,girl
kayla,girl
kayne,
kc,
keegan,
keenon,
keep,
keith,boy
keller,
kelley,boy
kelli,girl
kelly,boy
kelsey,boy
ken,boy
kendra,girl
kendria,
kenneth,boy
kenny,boy
kent,boy
kenton,boy
kenyan,
kerim,
kerri,girl
kerry,boy
kerryann,
kesha,
ketan,
kevin,boy
khadiza,
khalid,
khristina,
khymberly,
kiddie,
kien,
kieran,
kikumi,
kim,boy
kimat,
kimberlee,girl
kimberley,girl
kimberly,girl
kimm,
kinetic,
kinga,
kip,boy
kiran,
kirit,
kirk,boy
kirstee,
kirsten,girl
kirsty,
kirti,
kit,boy
kiwi,
klaus,boy
kori,girl
kortney,
kourtney,girl
krishna,boy
kristann,
kriste,girl
kristen,girl
kristi,girl
kristian,boy
kristin,girl
kristina,girl
kristine,girl
kroum,
krzysztof,
kuldeep,
kulvinder,
kunapuli,
kurt,boy
kyle,boy
kyriakos,
kysa,
la,girl
lachandra,
lacrecia,
lacye,
laine,
laird,boy
lamar,boy
lambeth,
lametrice,
lana,girl
lance,boy
landmark,
lanette,girl
laquitta,
lara,girl
lari,girl
larrissa,
larry,boy
lashonda,
latrisha,
laura,girl
laurann,
laurel,girl
lauren,boy
lauri,girl
laurie,boy
lawrence,boy
laxmi,
laynie,
lazure,
ld,
lea,girl
leaf,
leah,girl
leandro,
leann,girl
leanne,girl
leasa,
lee,boy
leena,girl
leesa,girl
legale,
lei,
leigh,boy
lena,girl
lenine,
lenny,boy
lenos,
leo,boy
leon,boy
leonard,boy
leonardo,boy
leonidas,boy
leonora,girl
lerea,
leroy,boy
les,boy
lesley,boy
lesli,girl
leslie,boy
leslye,
lester,boy
leticia,girl
lettus,
lex,boy
lexi,
li,
lia,girl
liam,boy
lianne,girl
libby,girl
liberty,
lien,
lighthouse,
lillian,girl
limor,
linda,girl
lindon,
lindsay,boy
lindy,boy
lisa,girl
lisbeth,girl
lising,
list,
littler,
liz,girl
lizzette,
ll,
llewelyn,
lloyd,boy
loftus,
lois,girl
lola,girl
lon,boy
london,
lonnie,boy
lora,girl
loraine,girl
loretta,girl
lori,girl
lorie,girl
lorna,girl
lorraine,girl
lou,boy
louis,boy
louise,girl
lourine,
low,
lowell,boy
lt,
luchas,
luciano,boy
lucinda,girl
lucy,girl
luis,boy
luiz,
luke,boy
lutz,
lydia,girl
lyle,boy
lyn,boy
lynda,girl
lyndon,boy
lynette,girl
lynn,boy
lynne,girl
lynnette,girl
lysa,
mac,boy
madeleine,girl
madeline,girl
madhup,
madhur,
maegan,girl
magaji,
magdelena,
maggie,girl
maggy,girl
mahesh,boy
mai,
mail,
majed,
majors,
maksym,
malcolm,boy
mallik,
mandy,girl
manny,boy
mansoor,
manuel,boy
mara,girl
marc,boy
marcel,boy
marcello,boy
marcelo,boy
marchris,
marci,girl
marcia,girl
marcie,girl
marcus,boy
marde,
margaret,girl
margarite,
margaux,girl
marge,girl
margie,girl
margo,girl
mari,girl
maria,girl
marian,girl
marianella,
marianne,girl
mariano,
maribel,girl
maricela,
marie,girl
mariella,
marilene,
marilyn,girl
mario,boy
marion,boy
marisa,girl
maritta,
mark,boy
markus,boy
marla,girl
marlene,girl
marlina,
marlo,boy
marnie,girl
marriott,
marsha,girl
marshall,boy
martha,girl
marti,girl
martin,boy
martina,girl
marty,boy
marvia,
marvin,boy
mary,girl
maryann,girl
maryellen,girl
maryhelen,
marykay,
maryline,
marylyn,
masayuki,
mason,boy
massimo,
mathew,boy
mathis,
matilda,girl
matt,boy
matthew,boy
matthias,boy
mattias,boy
maureen,girl
maurice,boy
mauricio,boy
mauro,
max,boy
maximilian,boy
maxine,girl
mayeaux,
mb,
mcn,
meagan,girl
mechelle,girl
meena,
meg,girl
megan,girl
meiling,
melanie,girl
melba,girl
melinda,girl
melissa,girl
meliza,
melody,girl
membership,
mercedes,girl
mercy,girl
meredith,boy
meriwether,
merle,boy
merlin,boy
merrill,boy
mervyn,
micah,boy
michael,boy
micheal,boy
michel,boy
michele,boy
michelle,girl
mickey,boy
midnite,
miguel,boy
mika,boy
mike,boy
mikie,
milagros,
milind,
milken,
miller,
millie,girl
mills,
milt,boy
milton,boy
min,girl
mina,girl
minako,
minal,
mind's,
mingcheng,
ministry,
minniece,
miranda,girl
mireya,
miriam,girl
misha,girl
missy,girl
misti,girl
misty,girl
mitch,boy
mitchell,boy
mitesh,
miyung,
mmt,
mo,
moazzam,
mog,
mohan,boy
mojgan,
mollie,girl
molly,girl
mona,girl
mondo,
monica,girl
monico,
monika,girl
monique,girl
monte,boy
montina,
morela,
morgan,boy
morris,boy
mortgage,
motorola,
movie,
moyez,
mrudula,
msn,
mtl,
muhammad,boy
mukesh,
mulong,
multex,
murli,
murray,boy
murthy,
music,
musslewhite,
mustafa,boy
muthukumar,
my,
mya,
mychau,
myra,girl
myrna,girl
nadene,
nadia,girl
nadine,girl
nagwa,
nailia,
nambia,
nan,girl
nancy,girl
naomi,girl
narsimha,
nasim,
nat,boy
natalia,girl
natalie,girl
nate,boy
nathan,boy
nathaniel,boy
natural,
naveed,
naveen,
nayan,
neal,boy
ned,boy
nedre,
neeran,
neil,boy
neiman,
nekesha,
nelda,
nella,
nelly,girl
nelson,boy
neta,
netflix,
netscape,
netstock,
network,
new,
news,
newsgurus,
nia,
niamh,
nicholas,boy
nichole,boy
nicholle,girl
nick,boy
nicki,girl
nicola,girl
nicole,girl
nidia,girl
nieves,
nigel,boy
nikita,boy
nikki,boy
nikolay,
nikole,
nilay,
nina,girl
ningya,
nish,
nita,girl
no,
noel,boy
noelle,girl
nolda,
nony,
nora,girl
noriko,
norm,boy
norma,girl
norman,boy
northwest,
nosheen,
notime,
noveena,
ntsb,
nurit,
nw,
nymex,
nyree,
o'neal,
oakie,
octavio,
olabowale,
olalekan,
olemma,
olga,girl
oliver,boy
olivia,girl
olivier,boy
olo,
omaha,
ona,
onica,
ontario,
opinionjournal,
optin,
ora,girl
orbitz,
oregon,
orjan,
orlando,boy
oscar,boy
osman,
osmar,
otis,boy
ott,
otto,boy
ovm,
ozlem,
ozzie,boy
pablo,boy
pacific,
paco,boy
paige,boy
pallavi,
palm,
palmer,boy
pam,girl
pamela,girl
pankaj,
paola,girl
park,boy
partha,boy
passport,
pat,boy
patrice,boy
patricia,girl
patrick,boy
patsy,boy
patti,girl
patty,boy
paul,boy
paula,girl
paulett,
paulette,girl
pauline,girl
paulo,boy
pavel,boy
paypal,
pearce,boy
pedro,boy
peggy,girl
pencam,
penny,boy
per,
perrin,
perry,boy
pete,boy
peter,boy
phil,boy
philip,boy
philippe,girl
phillip,boy
phylis,girl
phyllis,girl
piedmont,
pierre,boy
pilar,
pinnamaneni,
pira,
pirate,
pizza,
platts,
players,
playsite,
poli,
postmaster,
pottery,
power,
prameesh,
prashant,
pravas,
praveen,
prebon,
premier,
premiere,
prentice,boy
presidio,
press,
preston,boy
priceline,
priscilla,girl
priya,
pro,
prof,
punit,
purvi,
pushkar,
qiana,
qpass,
qpc,
quicktime,
rabi,boy
rachael,girl
rachel,girl
rae,girl
raetta,
rafael,boy
rafi,
ragan,
ragayle,
rahil,
rahmaan,
rahul,boy
raimund,boy
rainier,
raj,boy
rajaram,
rajeev,boy
rajen,
rajesh,
rajneesh,
rajnish,
rakesh,
rakhi,
ralph,boy
ramanarao,
ramesh,boy
rami,
ramon,boy
ramona,girl
ranabir,
randal,boy
randall,boy
randel,
randi,boy
randy,boy
ranelle,
raquel,girl
rasa,
rate,
ratna,
raul,boy
ravi,boy
ray,boy
raymond,boy
reagan,boy
realarcade,
reames,
rebecca,girl
rebekah,girl
receptionist,
reed,boy
reese,boy
regan,boy
reggie,boy
regina,girl
reginald,boy
registration,
rehman,
remi,
remy,girl
renata,girl
rene,boy
renee,girl
reno,
ress,
restructuring,
reuben,boy
rex,boy
reyna,girl
reynaldo,
rfp,
rhett,boy
rhonda,girl
rhoni,
rhonna,
riaz,
ricardo,boy
riccardo,boy
rich,boy
richard,boy
richey,
rick,boy
ricki,boy
ricky,boy
rika,
rikesh,
rinetia,
rishi,
rita,girl
rizvi,
rob,boy
robbi,girl
robbie,boy
robbin,girl
robert,boy
roberta,girl
roberto,boy
robin,boy
robina,girl
robyn,girl
rockford,
rod,boy
roderick,boy
rodney,boy
rodolfo,boy
rodrigo,boy
roger,boy
rogers,boy
roman,boy
romeo,boy
rommel,
ron,boy
ronald,boy
ronggen,
ronney,
ronnie,boy
rory,boy
rosa,girl
rosalee,
rosalinda,girl
rosalyn,girl
rosanna,girl
rosario,girl
rose,girl
roseann,girl
roseanne,girl
rosemary,girl
rosie,girl
rosina,girl
rositza,
ross,boy
rossana,
rousseau,
roxanne,girl
roy,boy
royce,boy
roz,girl
rubena,
ruby,boy
rudi,
rudwell,
rudy,boy
rufino,
rumaldo,
rus,
russ,boy
russell,boy
rusty,boy
ruth,girl
ruthann,girl
ryan,boy
sabra,girl
sabrae,
sabrina,girl
sachin,
saeed,
safetygear,
saima,
saint,
sal,boy
salal,
sally,girl
salome,girl
salvador,boy
sam,boy
samantha,girl
samer,
sami,
samir,
samira,
sammy,boy
samuel,boy
sandeep,
sandi,girl
sandra,girl
sandy,boy
sanjay,
sanjeev,
santiago,
sara,girl
sarabeth,
sarah,girl
sarai,
sarita,girl
sasha,boy
sashe,
savita,
sayed,
sbc,
scc,
schlecht,
schulmeyer,
schwab,
scot,boy
scott,boy
scotty,boy
scouting,
sean,boy
sears,
seattle,
sebastian,boy
sebastien,boy
second,
secret,
sejal,
seksan,
selma,girl
seminar,
serena,girl
sergai,
sergio,boy
seth,boy
seung,
severin,
sevil,
shahnaz,
shalesh,
shana,girl
shane,boy
shaneye,
shanna,girl
shannon,boy
sharad,
sharen,
shari,girl
sharon,girl
sharonda,
sharron,girl
shashi,
shauna,girl
shauncy,
shawn,boy
shawna,girl
shawne,
sheetal,
sheila,girl
shelby,boy
shelley,boy
shelly,girl
shemeika,
sheri,girl
sheridan,boy
sherlyn,
sherri,girl
sherron,
sherry,girl
sherryl,
sheryl,girl
shielah,
shifali,
shijie,
shilpa,girl
shirleen,girl
shirley,girl
shona,
shonnie,
shouan,
shruti,
shubh,
shyam,
shyril,
sidney,boy
sidrac,
silver,
simon,boy
simone,boy
sivakumar,
sivy,
skip,boy
skipping,
slav,
smarter,
smartmoney,
smith,boy
soheil,
soma,
sona,
sonia,girl
sonja,girl
sonnia,
sonya,girl
sophie,girl
souad,
southwest,
specials,
spiro,boy
sports,
srijay,
stacey,girl
staci,girl
stacie,girl
stacy,boy
stan,boy
stanford,boy
stanley,boy
starkey,
starwood,
status,
stayton,
steinunn,
stella,girl
stephane,
stephanie,girl
stephen,boy
steve,boy
steven,boy
stewart,boy
stinson,
stock,
storey,girl
streaming,
stu,boy
stuart,boy
subha,
subramaniam,
subroto,
sue,girl
suketu,
sukhvinder,
sumant,
sun,
sundar,
suneel,
suneet,
sunie,
sunil,
sunita,
sunitha,
sunjay,
suresh,
suryan,
susan,girl
susie,girl
susy,girl
suzanne,girl
suzette,girl
suzie,girl
sven,boy
svmg,
sweet,
swg,
sybille,girl
syed,
sylvain,
sylvia,girl
taffy,girl
tamara,girl
tamera,girl
tamika,
tammi,girl
tammie,boy
tammy,boy
tamra,girl
tana,girl
tandra,
tangela,
tangie,
tani,girl
tantra,
tanuja,
tanya,girl
tao,
taquesha,
tara,girl
taria,
taryn,girl
tasha,girl
tbls,
td,
teb,
tech,
technical,
technologic,
ted,boy
teddy,boy
temica,
tenny,
teobaldo,
tera,girl
terence,boy
teresa,girl
teri,girl
terrance,boy
terrell,boy
terri,boy
terrie,girl
terry,boy
teruo,
tess,girl
texas,
thaleia,
thane,boy
thank,
tharsilla,
the,
theresa,girl
therese,girl
thierry,
thomas,boy
thor,boy
thresa,
thu,
tiffany,girl
tim,boy
time,
timmy,boy
timothy,boy
tina,girl
tish,girl
tj,
tk,
tobias,boy
tobin,boy
toby,boy
tod,boy
todd,boy
tom,boy
tomas,boy
tomasine,girl
tommy,boy
tonai,
toni,girl
tony,boy
tonya,girl
tori,girl
torrey,boy
torsten,
tory,girl
tosha,
toula,
tozzini,
tracee,girl
tracey,boy
traci,girl
tracie,boy
tracy,boy
trade,
trang,
travelocity,
travis,boy
treasa,
trecina,
trena,
trevor,boy
trey,boy
tricia,girl
trish,girl
trisha,girl
troy,boy
truong,
tushar,
twanda,
twin,
tyler,boy
tyra,
tyrell,
tyrone,boy
una,girl
united,
universal,
university,
ursula,girl
us,
usa,
utilicon,
utilis,
uwe,
val,boy
valarie,
valdemar,boy
valeria,girl
valerie,girl
valley,
valter,
van,boy
vance,boy
vanderbilt,
vanessa,girl
vasant,
veerle,
velvet,girl
venturewire,
vera,girl
verena,girl
verizon,
vern,boy
vernon,boy
veronica,girl
viacheslav,
vic,boy
vicki,girl
vickie,girl
vicky,girl
vicsandra,
victor,boy
victoria,girl
vikas,
vikki,girl
vikram,
vinay,
vince,boy
vincent,boy
vinio,
virawan,
virendra,
virginia,girl
virtual,
vishnu,
vishwanatha,
vito,boy
vivek,
vivian,girl
vivien,girl
vladi,
vladimir,boy
vladislav,
vridhay,
wade,boy
walsh,boy
walt,boy
walter,boy
walton,boy
wanda,girl
ward,boy
warren,boy
warrick,
wayne,boy
weather,
webb,boy
webwork,
weezie,
wei,
weidong,
wells,boy
wendella,
wendi,girl
wendy,girl
wenyao,
wes,boy
wesley,boy
westhoven,
whalen,
wharton,
white,
whitney,boy
wichai,
wietze,
wil,
wiley,boy
will,boy
william,boy
willie,boy
willis,boy
wilma,girl
wilson,boy
winifred,girl
winston,boy
winus,
world,
worldcom,
worldwide,
wss,
xafira,
xavier,boy
xiaojun,
xiaowu,
yan,
yana,
yannis,
yao,
yaron,
yevgeny,
yi,
ying,
yolanda,girl
yorleni,
youyi,
ypo,
yuan,
yumi,
yvan,
yvette,girl
yvonne,girl
zach,boy
zachary,boy
zaib,
zakia,
zakiyyah,
zal,
zarin,
zelda,girl
zhiyong,
zhiyun,
zimin,
zionette,
zoe,girl
zofia,
zoltan,
zooey,
zou,
zulie,
