name,gender
phillip,boy
ina,girl
rebecca,girl
paul,boy
stephanie,girl
tracy,girl
sarah,girl
tim,boy
kim,girl
alyse,girl
lisa,girl
christi,girl
richard,boy
tiffany,girl
philip,boy
mark,boy
ray,boy
savita,girl
ken,boy
chad,boy
veronica,girl
mike,boy
kathie,girl
karen,girl
kathryn,girl
james,boy
jeff,boy
jane,girl
randy,boy
ryan,boy
kirk,boy
adrianne,girl
renee,girl
michelle,girl
lindsay,girl
carole,girl
patti,girl
ashley,girl
kam,boy
rick,boy
biliana,girl
david,boy
yevgeny,boy
berney,boy
greg,boy
john,boy
frank,boy
joannie,girl
heather,girl
louise,girl
brad,boy
jeffrey,boy
pam,girl
colleen,girl
matt,boy
karina,girl
dorothy,girl
jennifer,girl
gary,boy
darin,boy
linda,girl
derryl,boy
bob,boy
julie,girl
kenny,boy
matthew,boy
caroline,girl
andy,boy
russell,boy
lydia,girl
scott,boy
amy,girl
larry,boy
andrea,girl
peter,boy
per,girl
george,boy
fernley,girl
craig,boy
michael,boy
rositza,girl
ann,girl
christie,boy
jim,boy
margaret,girl
trey,boy
kristin,girl
andrew,boy
laura,girl
walton,girl
jean,girl
trang,girl
don,boy
eric,boy
bryan,boy
errol,boy
joey,boy
kathy,girl
vance,girl
ricky,boy
johnny,boy
kimberly,girl
ed,boy
alex,boy
ravi,boy
robyn,girl
felicia,girl
jeanie,girl
courtney,girl
dutch,girl
liz,girl
jeb,boy
sandra,girl
darren,boy
ding,girl
sally,girl
bill,boy
lenny,boy
stephen,boy
tammy,girl
tanya,girl
lara,girl
christopher,boy
iris,girl
jonathan,boy
hunter,boy
denver,girl
anthony,boy
melissa,girl
suresh,boy
debi,girl
harry,boy
donald,boy
eileen,girl
ross,boy
tobias,boy
raj,boy
dave,boy
jens,boy
rahil,boy
lee,boy
dan,boy
paula,girl
kenneth,boy
barbara,girl
kristi,girl
billy,girl
sumant,boy
benjamin,boy
tamara,girl
jaime,boy
casey,girl
hai,boy
tom,boy
narsimha,boy
terri,girl
sanjay,boy
steve,boy
tosha,girl
stinson,boy
carlos,boy
garrett,boy
edward,boy
jeremy,boy
nick,boy
claudia,girl
maximilian,boy
karla,girl
gautam,boy
kevin,boy
leonardo,boy
philippe,boy
vanessa,girl
zachary,boy
robert,boy
mary,girl
carla,girl
bruno,boy
shari,girl
christian,boy
janel,girl
mona,girl
valarie,girl
joseph,boy
susan,girl
press,girl
diana,girl
mollie,girl
debra,girl
rhonda,girl
kristian,boy
cooper,boy
suzanne,girl
cindy,girl
taffy,girl
brant,boy
janette,girl
stewart,boy
sara,girl
ellen,girl
diane,girl
marie,girl
kay,girl
joanne,girl
alan,boy
patricia,girl
kerri,girl
stacey,girl
nony,girl
beth,girl
louis,boy
becky,girl
kien,boy
angelo,boy
leticia,girl
cynthia,girl
keegan,boy
nidia,girl
tana,girl
max,boy
maribel,girl
francisco,boy
wendy,girl
derek,boy
shemeika,girl
holly,girl
cheryl,girl
clement,boy
bianca,girl
samantha,girl
deb,boy
brian,boy
patrick,boy
roberto,boy
luis,boy
shanna,girl
pamela,girl
russ,boy
timothy,boy
lenine,boy
hector,boy
body,boy
nicki,girl
pat,boy
william,boy
alexandra,girl
todd,boy
webb,boy
chris,boy
allison,girl
o'neal,boy
neal,girl
gwendolyn,girl
ron,boy
neil,boy
thomas,boy
jody,girl
micah,girl
bruce,boy
daren,boy
georgeanne,girl
reagan,girl
brenda,girl
tammie,girl
monique,girl
huy,boy
bryce,girl
valley,girl
jackson,girl
jd,girl
rika,girl
daniel,boy
amanda,girl
chance,girl
rudy,boy
kayne,girl
fletcher,boy
dustin,boy
juan,boy
britt,girl
courtnie,girl
charles,boy
joe,boy
doug,boy
lloyd,boy
ignacio,boy
jay,boy
miguel,boy
jose,boy
shawn,boy
corry,boy
kayla,girl
punit,boy
sivakumar,boy
carl,boy
shawna,girl
dale,boy
brandon,boy
sheila,girl
dean,boy
anne,girl
carmen,girl
jason,boy
praveen,boy
dennis,boy
zarin,girl
kirit,boy
husnain,boy
carrie,girl
keith,boy
donna,girl
lyle,girl
will,girl
marci,girl
laurel,girl
castlen,girl
guy,boy
marcus,boy
danielle,girl
mitch,boy
gretel,girl
rob,boy
fran,girl
shona,girl
ted,boy
julissa,girl
brent,boy
cassandra,girl
lexi,girl
inderpal,boy
nosheen,girl
eugenio,boy
jana,girl
theresa,girl
bjorn,boy
cathy,girl
sheri,girl
nancy,girl
peggy,girl
sharron,girl
meredith,boy
barry,boy
jan,girl
coralie,girl
shelly,girl
charlene,girl
inja,girl
debbie,girl
chantelle,girl
leslie,girl
toni,girl
betty,girl
geynille,girl
christy,girl
albernita,girl
jodi,girl
celeste,girl
annemarie,girl
janet,girl
kate,girl
kristen,girl
deborah,girl
heidi,girl
tommy,boy
grant,boy
lou,girl
phil,boy
erwin,boy
gregg,boy
dianne,girl
eduardo,boy
jun,girl
beverly,girl
jefferson,boy
jordan,boy
fiona,girl
esther,boy
carmella,girl
rainier,boy
judy,girl
joshua,boy
onica,girl
katrina,girl
lauren,girl
vasant,boy
bani,boy
leann,girl
sue,girl
kelly,girl
connie,girl
vince,boy
annette,girl
jacqueline,girl
wes,boy
dolores,girl
danny,boy
milind,boy
gracie,girl
tod,boy
margarite,girl
vladimir,boy
rod,boy
dawn,girl
regan,boy
teresa,girl
inga,girl
clare,girl
jenny,girl
nicole,girl
elisabeth,girl
araceli,girl
roger,boy
terrie,girl
maria,girl
gwyn,boy
alice,girl
tara,girl
carol,girl
wanda,girl
lorie,girl
loretta,girl
torrey,boy
amita,boy
alexus,girl
dortha,girl
adrial,boy
maricela,girl
kent,boy
paige,girl
denae,girl
gail,girl
shannon,girl
jill,girl
vicki,girl
marvia,girl
gina,girl
sherri,girl
mechelle,girl
simone,girl
fred,boy
avril,girl
adam,boy
bridgette,girl
clara,girl
limor,girl
naomi,girl
thresa,girl
bobbie,girl
molly,girl
zhiyong,boy
adarsh,boy
marc,boy
sabrina,girl
martha,boy
murray,boy
federico,boy
anita,girl
gay,girl
carolyn,girl
charla,girl
ozlem,boy
douglas,boy
joel,boy
jorge,boy
allan,boy
juanita,boy
marcelo,boy
christina,girl
ramesh,boy
kerry,girl
angela,girl
meliza,girl
tina,girl
michele,girl
anna,girl
maureen,girl
wade,girl
taquesha,girl
misha,girl
cella,boy
marla,girl
cassi,girl
shruti,girl
sam,boy
rosalee,girl
mari,girl
mercedes,girl
jess,boy
crissy,girl
sabra,girl
esmeralda,girl
rita,girl
braedi,girl
ana,girl
gregory,boy
cyndie,girl
sergio,boy
herbert,boy
traci,girl
sonia,girl
missy,girl
irena,girl
sunjay,boy
evan,boy
fraisy,girl
elizabeth,girl
vincent,girl
geiv,boy
chrysti,girl
rich,boy
iain,boy
mitesh,boy
everett,girl
stanley,boy
sonya,girl
julia,girl
willis,boy
imad,boy
rogers,boy
ginger,girl
rosalinda,girl
janelle,girl
kortney,girl
pete,boy
lynn,girl
raetta,girl
jodie,girl
bradley,boy
toby,boy
ava,girl
steven,boy
drew,girl
charlie,boy
terry,boy
tangie,girl
dari,girl
vernon,boy
gerry,boy
lorna,girl
sherry,girl
ld,girl
sharon,girl
shelley,girl
reyna,girl
ricki,girl
hasan,boy
ramona,girl
christine,girl
wayne,boy
bert,boy
maggie,girl
jerry,boy
frankie,girl
alma,girl
joni,girl
lindy,girl
walt,boy
tk,boy
glen,boy
adel,boy
miranda,girl
penny,girl
ruth,girl
ranelle,girl
jo,girl
sylvia,girl
legale,
audrey,girl
katherine,girl
darrell,boy
jared,boy
airam,girl
tammi,girl
sean,boy
mathew,boy
kimat,boy
lucy,girl
rumaldo,boy
henry,boy
victor,boy
alejandra,girl
luchas,boy
victoria,girl
leonidas,boy
kulvinder,boy
patrice,boy
vickie,girl
chip,boy
emy,girl
mercy,girl
ford,boy
felipe,boy
ned,boy
london,girl
cristal,girl
monica,girl
faith,girl
sherron,girl
tori,girl
ben,boy
gordon,boy
tracey,girl
naveen,boy
mireya,girl
olivier,boy
bradford,boy
sonja,girl
ernesto,boy
eddy,boy
joan,girl
madeline,girl
georgene,girl
rex,boy
lametrice,girl
gabriel,boy
lori,girl
raymond,boy
chrissy,girl
marion,girl
ankush,boy
lea,girl
travis,girl
shirley,girl
karin,girl
mariella,girl
aparna,girl
joanna,girl
rodney,boy
nelly,girl
margaux,girl
rudi,boy
leo,boy
michel,boy
bret,boy
jeffery,boy
jesus,boy
claudette,girl
arnold,boy
sarita,girl
gloria,girl
duane,boy
arnie,girl
johnnie,boy
byron,boy
butch,boy
kyle,girl
erika,girl
barend,boy
marde,boy
lawrence,boy
gerald,boy
reese,girl
adrian,boy
lorraine,girl
regina,girl
felecia,girl
luiz,boy
melba,girl
gustavo,boy
erica,girl
reginald,boy
evelyn,girl
twanda,girl
elspeth,girl
christa,girl
corina,girl
sasha,girl
jackie,girl
qiana,girl
jessie,girl
dorie,girl
glenn,boy
lizzette,girl
catherine,girl
bobbi,girl
kriste,girl
hilda,girl
melinda,girl
allyson,girl
milton,boy
dovie,girl
valeria,girl
zakiyyah,girl
cole,girl
zulie,girl
imelda,girl
judey,girl
tamera,girl
bernadette,girl
sophie,girl
malcolm,boy
dana,girl
laquitta,girl
norman,boy
roseann,girl
martin,boy
irma,girl
rosa,girl
kalen,boy
mikie,girl
rus,girl
jon,boy
ayesha,girl
constance,girl
anabella,girl
ivonne,girl
dora,boy
dirk,boy
morela,girl
nyree,girl
dimitri,boy
jacques,boy
vikram,boy
monika,girl
milagros,girl
lerea,
joern,boy
ami,girl
elliot,boy
magdelena,girl
frazier,boy
zelda,girl
lillian,boy
emily,girl
ariel,boy
jimmy,boy
karon,girl
rachel,girl
teb,girl
jack,boy
galen,boy
taria,girl
jayshree,girl
sandy,girl
ellis,boy
robin,boy
cara,girl
serena,girl
virginia,girl
angie,girl
tony,boy
souad,girl
kirti,boy
murthy,boy
gavin,boy
gauri,girl
marcie,girl
marty,girl
lora,girl
diann,girl
riccardo,boy
carin,girl
marcia,girl
kathleen,girl
amr,boy
sharonda,girl
margo,girl
april,girl
vicky,girl
jubran,boy
thane,boy
kurt,boy
earlene,girl
cristina,girl
lysa,girl
roberta,girl
miyung,
gus,boy
mingcheng,
lynnette,girl
hap,girl
mauricio,boy
laird,boy
mojgan,girl
hans,boy
janine,girl
jeannie,girl
ress,boy
marianne,girl
ronnie,boy
denise,girl
alhamd,
corporate,girl
geoff,boy
edwin,boy
simon,boy
laurie,girl
ban,boy
ursula,girl
rubena,girl
howard,boy
darran,boy
aleck,boy
ricardo,boy
roy,boy
alexis,girl
ethan,boy
marchris,
gia,girl
lazure,
leasa,girl
elyse,girl
kit,girl
jonalan,
shirleen,girl
mara,girl
aaron,boy
octavio,boy
lamar,girl
charlotte,girl
hope,girl
lesley,girl
lola,girl
rufino,boy
marnie,girl
yolanda,girl
alysia,girl
laynie,girl
joya,girl
davette,girl
jewel,girl
rebekah,girl
cyril,boy
daryl,boy
grace,girl
angelic,girl
rosalyn,girl
georganne,girl
tandra,girl
warren,boy
juantongia,
estalee,girl
bernice,girl
jamie,boy
clint,boy
smith,boy
lance,boy
adriane,girl
albert,boy
geir,boy
jessica,girl
kara,girl
valerie,girl
katina,girl
rahul,boy
scotty,girl
kysa,boy
mog,girl
cecil,boy
ramanarao,boy
lester,boy
darryl,boy
brett,boy
tharsilla,
darlene,girl
norma,boy
al,boy
subha,girl
preston,girl
heath,boy
nolda,
jarek,boy
jacek,boy
renata,girl
gael,boy
jian,boy
coralina,girl
hardie,boy
angel,girl
clayton,boy
paulette,girl
candy,girl
krzysztof,boy
iona,girl
leena,girl
elaine,girl
stacy,girl
pilar,girl
rosemary,girl
morgan,boy
lachandra,girl
,
perry,girl
mansoor,boy
davis,boy
jeanne,girl
jeanette,girl
anitha,girl
denis,boy
ruthann,girl
bucky,girl
jayant,boy
nelson,boy
maurice,boy
ragan,boy
jad,boy
ashu,boy
priscilla,girl
gurdip,boy
donnie,boy
nate,boy
stephane,boy
nella,girl
carlee,girl
chelsea,boy
massimo,boy
kristann,girl
vikas,boy
celestine,girl
monte,boy
darla,girl
megan,girl
clem,boy
yvette,girl
maritta,girl
marilyn,girl
samir,boy
garrick,boy
aimee,girl
tera,girl
angelina,girl
hillary,girl
joanie,girl
sandi,girl
marlene,girl
sherlyn,girl
carey,girl
romeo,boy
thu,girl
hunaid,boy
lauri,girl
earl,boy
karie,girl
stella,boy
mandy,girl
hal,boy
tricia,girl
ragayle,
cherylene,girl
juliann,girl
briant,boy
brandee,girl
kimberlee,girl
elsa,girl
eddie,girl
sabrae,
amelia,girl
faye,girl
samuel,boy
tess,girl
stuart,boy
roxanne,girl
ruby,girl
mustafa,boy
shahnaz,girl
elena,girl
antoinette,girl
anwar,boy
joyce,girl
buddy,boy
dalton,boy
joy,girl
hakeem,boy
ilan,boy
hollis,boy
ronald,boy
alaadin,boy
sunitha,girl
rabi,boy
jeri,girl
nagwa,girl
klaus,boy
garth,girl
mitchell,boy
lourine,girl
nicholle,girl
claire,girl
harvey,boy
olivia,girl
val,girl
leonard,boy
dara,girl
kimberley,girl
jas,boy
leesa,girl
selma,girl
essie,boy
facundo,boy
dianna,girl
jacquelyn,girl
robbie,boy
lanette,girl
olemma,
vicsandra,
eloise,girl
olga,girl
lynda,girl
alexander,boy
seung,girl
terrell,boy
madhup,boy
tyler,girl
lon,boy
bambi,girl
front,girl
hoyt,boy
skip,boy
beverley,girl
sarabeth,girl
mo,girl
kroum,boy
khymberly,girl
cheri,girl
elsie,girl
randall,boy
laine,girl
justin,girl
edie,girl
agatha,girl
karl,boy
morris,boy
pallavi,girl
erin,girl
danette,girl
allen,boy
kasey,girl
dee,boy
hoang,boy
darrington,girl
sonnia,girl
blake,girl
billie,girl
sal,boy
josie,girl
joann,girl
cora,boy
clarissa,girl
marlo,boy
alicia,girl
isabel,girl
lindon,boy
colin,boy
troy,boy
lia,girl
alain,boy
lynette,girl
suneet,boy
bonnie,girl
edith,boy
alejandro,boy
chaun,boy
shalesh,boy
darron,boy
trecina,
sanjeev,boy
cecilia,girl
truong,boy
francis,boy
karima,girl
virawan,
deirdre,girl
sunil,boy
bryant,boy
oscar,boy
bernard,boy
pearce,boy
geraldine,girl
agustin,boy
steinunn,girl
chaundra,girl
ying,girl
annemieke,girl
samer,boy
paulo,boy
eva,boy
margie,girl
zimin,boy
anders,girl
dayem,boy
marsha,girl
gil,girl
kelli,girl
lacye,girl
vladi,boy
bilal,boy
shouan,
sheetal,girl
sachin,boy
santiago,boy
franky,boy
dipak,boy
holden,boy
jesse,boy
leaf,boy
kourtney,girl
winston,boy
teri,girl
wendella,girl
crystal,girl
sami,boy
wendi,girl
meagan,girl
inger,girl
janice,girl
alison,girl
orlando,girl
vivian,girl
barton,girl
mina,girl
kathlene,girl
randal,boy
nina,girl
edmund,boy
nora,girl
teruo,boy
matthias,boy
kelley,girl
clifford,boy
prashant,boy
millie,girl
pauline,girl
javier,boy
elise,girl
marian,girl
greek,boy
gretchen,girl
shashi,boy
barney,boy
soma,girl
rockford,boy
wilma,girl
dahlia,girl
anya,girl
earline,girl
jebong,
elio,boy
inez,girl
les,girl
terence,boy
denka,boy
robbi,girl
genia,girl
georgi,boy
harlan,boy
una,girl
roderick,boy
rudwell,
rajen,boy
suzie,girl
alexia,girl
rene,boy
deshonda,girl
keller,girl
brenna,girl
yumi,girl
nikki,girl
eve,girl
tomasine,girl
erik,boy
raimund,boy
cregg,girl
nicola,girl
yuan,girl
genaro,boy
melody,girl
alvin,girl
catalina,girl
dwight,boy
cutty,boy
maryellen,girl
saeed,boy
maryann,girl
stan,boy
priya,girl
amit,boy
status,girl
geneva,girl
dominic,boy
lesli,girl
blair,boy
reynaldo,boy
judith,girl
chuck,boy
eugene,boy
vera,girl
elberg,boy
seth,boy
buzz,boy
juliana,girl
walter,boy
candace,girl
shonnie,girl
ozzie,boy
dejoun,
camille,girl
matilda,girl
noveena,girl
amber,girl
sharen,girl
adnan,boy
yao,girl
arfan,boy
karolina,girl
ian,boy
tobin,boy
jake,girl
trena,girl
kal,boy
clinton,boy
kirsty,girl
meriwether,boy
corinna,girl
kaye,girl
jarrod,boy
deepak,boy
tomas,boy
gene,girl
lashonda,girl
yannis,boy
dick,boy
dina,girl
noel,girl
corey,girl
rikesh,boy
juana,girl
gillian,girl
angeline,girl
willie,boy
guenther,boy
albane,girl
xavier,boy
moyez,boy
anjam,boy
mario,boy
diego,boy
viacheslav,boy
martina,girl
pinnamaneni,
remi,boy
anoush,girl
rakesh,boy
subramaniam,boy
dinos,boy
farouk,boy
osman,boy
nadene,girl
bridget,girl
amitava,boy
sandeep,boy
rajesh,boy
jozsef,boy
lyn,girl
kristina,girl
eklavya,boy
tani,girl
katja,girl
fatimata,girl
rehman,boy
chonawee,
mohan,boy
pavel,boy
youyi,boy
li,boy
oliver,boy
julius,boy
felix,boy
jin,girl
yana,girl
thor,boy
joana,girl
pedro,girl
claudio,boy
sevil,girl
kirstee,girl
sharad,boy
rodrigo,boy
althea,girl
jameika,girl
wenyao,boy
bessik,
marge,girl
van,boy
cantekin,
guillermo,boy
leandro,boy
sven,boy
paulett,girl
freyd,
datren,
farhad,boy
larrissa,girl
habiba,girl
sheryl,girl
tasha,girl
ningya,
therese,girl
lenos,boy
jaesoo,boy
anguel,boy
jinbaek,boy
karthik,boy
pravas,boy
wichai,boy
andreas,boy
marshall,boy
aysu,girl
ganapathy,boy
kyriakos,boy
markus,boy
andre,boy
mac,boy
nailia,girl
sybille,girl
nicholas,boy
alfredo,boy
damon,boy
calvin,boy
wiley,girl
andria,girl
alberto,boy
johan,boy
rosario,girl
kuldeep,boy
park,boy
palmer,boy
mika,girl
mrudula,girl
arquella,
gabriella,girl
sergai,boy
binky,boy
geriann,girl
kassandra,girl
alexios,boy
janie,girl
mervyn,boy
rhoni,girl
minako,girl
llewelyn,girl
trevor,boy
yorleni,
purvi,girl
iracema,girl
nigel,boy
bharat,boy
melanie,girl
susie,girl
virendra,boy
nikole,girl
min,girl
nilay,boy
syed,boy
kari,girl
cris,girl
lex,boy
misti,girl
graham,boy
arshak,boy
zal,boy
marcello,boy
nish,boy
jez,boy
robina,girl
ranabir,boy
heriberto,boy
mariano,boy
marykay,girl
awais,boy
brendan,boy
brandi,girl
d'arcy,boy
alistair,boy
jarod,boy
natalie,girl
fang,boy
misty,girl
mallik,boy
idel,girl
manuel,boy
kori,girl
royce,boy
rossana,girl
ralph,boy
daler,boy
zach,boy
winifred,girl
sunie,girl
gayla,girl
hemmat,
saima,girl
georgia,girl
donnis,girl
hattie,boy
norm,boy
ashok,boy
aurora,girl
delia,girl
terrance,boy
ash,girl
deane,girl
jitendra,boy
gerri,girl
khristina,girl
tj,boy
rinetia,
adriana,girl
salome,girl
enrique,boy
arthur,boy
irene,girl
josh,girl
xiaowu,boy
miriam,girl
guido,boy
olalekan,boy
anastasia,girl
velvet,boy
gurinder,boy
griffith,boy
suketu,boy
binkley,girl
lianne,girl
vridhay,
phylis,girl
yan,girl
cary,boy
bart,boy
meiling,girl
naveed,boy
reggie,boy
robbin,girl
elwanda,girl
phyllis,girl
staci,girl
gaby,girl
kristine,girl
burton,girl
kendra,girl
daryll,boy
tyrell,boy
loftus,boy
antonio,boy
rusty,boy
herman,boy
gareth,boy
tracee,girl
shelby,girl
tonya,girl
humberto,boy
jinsung,boy
deanna,girl
jozef,boy
vivek,boy
helen,girl
basil,girl
hemant,boy
maxine,girl
emilio,boy
raul,boy
gerardo,boy
mathis,boy
stu,boy
sunita,girl
clay,girl
jere,boy
cliff,girl
jonathon,boy
emmanuel,boy
breanden,
mail,girl
raquel,girl
neeran,
fino,boy
randel,boy
mya,girl
desrae,girl
leanne,girl
brooklyn,girl
israel,boy
aftab,boy
shielah,
fabian,boy
zakia,girl
reno,girl
ora,boy
conal,boy
tamika,girl
elisa,girl
alok,boy
arvel,boy
tonai,girl
karry,girl
bo,boy
blanca,girl
latrisha,girl
denys,boy
dena,girl
kenton,girl
alisha,girl
rae,girl
katie,girl
majed,boy
ward,boy
nathan,boy
garry,boy
rakhi,girl
neta,girl
merlin,boy
maryhelen,girl
thierry,boy
hugh,boy
counsel,boy
lien,boy
sidrac,boy
cory,boy
karim,boy
sebastien,boy
nichole,girl
jevaughn,
amador,boy
dinah,girl
vinio,
yi,boy
vinay,boy
vern,girl
vito,boy
banu,girl
yvan,boy
duong,boy
scot,boy
teddy,girl
annabelle,girl
gaurav,boy
ceci,girl
bernie,boy
dolph,boy
nikolay,boy
jung,girl
dax,boy
jungsuk,boy
murli,boy
abhijeet,boy
pablo,boy
marianella,girl
khadiza,girl
asem,boy
arun,boy
zhiyun,girl
otto,girl
domingo,girl
wietze,boy
teobaldo,boy
sayed,boy
cyndi,girl
rory,boy
glenda,girl
gaynel,girl
crandal,boy
mickey,girl
emma,girl
chenee,girl
beatrice,girl
mason,girl
wilson,boy
gallin,
comp,girl
rahmaan,
wei,girl
vishwanatha,boy
aneela,girl
nita,girl
holli,girl
rodolfo,boy
rhett,boy
nasim,boy
alexandre,boy
shane,boy
pushkar,boy
duncan,boy
annmarie,girl
rafael,boy
madhur,boy
bernardo,boy
julian,boy
mahesh,boy
treasa,girl
orjan,girl
claude,boy
nekesha,girl
kesha,boy
rajaram,boy
shifali,girl
weezie,girl
pierre,boy
niamh,girl
alisa,girl
rommel,boy
rachael,girl
shilpa,girl
betsy,girl
bevin,boy
kirsten,girl
marisa,girl
kikumi,girl
myrna,girl
katy,girl
britaldo,
merle,girl
kerryann,girl
maggy,girl
antoine,boy
demetrion,boy
di,girl
jona,boy
randi,girl
johanna,girl
kunapuli,
timmy,boy
sherryl,girl
nieves,girl
evans,boy
olabowale,
amie,girl
curly,boy
boris,boy
horace,boy
jynell,girl
xafira,
musslewhite,girl
augusto,boy
dottie,girl
harold,boy
georgette,girl
fernando,boy
calyx,girl
ronggen,
kacee,girl
catrina,girl
harald,boy
tantra,boy
nayan,boy
minal,girl
nadine,girl
gray,boy
haakon,boy
moazzam,boy
lena,girl
rousseau,boy
nedre,
suryan,
samira,girl
grisela,girl
jae,boy
alfred,boy
akasha,girl
art,girl
homer,boy
shyril,girl
forrest,boy
rhonna,girl
nadia,girl
bhavna,girl
juli,girl
carter,boy
rajneesh,boy
nat,girl
sona,girl
warrick,boy
spiro,boy
sammy,girl
jami,girl
seksan,boy
suzette,girl
rafi,boy
rosie,girl
tracie,girl
leah,girl
zionette,
lacrecia,girl
juhani,boy
sundar,boy
sukhvinder,boy
patty,girl
lei,girl
d'ann,girl
ainsley,girl
krishna,girl
meena,girl
rishi,boy
digna,girl
tushar,boy
shubh,boy
nikita,girl
karolyn,girl
etelvina,girl
darrin,boy
ramon,boy
meg,girl
aamir,boy
